url,path,template,http_status,seo_rating_live,ux_rating_live,review,update_status,seo_rating_after_code_fix,ux_rating_after_code_fix,update_notes,checked_how
https://varnarc.com/,/,Hub,200,8.1,7.4,Header/search/login strong. Cookie banner forced to bottom bar (hero stays visible). Directory expanded from truncated CMS labels. Footer CMS no longer repeats Articles/Reviews/Compare.,Updated in code (deploy to go live),8.2,8.5,CMP overlay hidden; modal layouts restyled as bottom bar. Nav More overflow. Footer quick links drop content-hub duplicates. Newsletter remains footer-only.,HTTP fetch + live HTML tags (title/H1/description/canonical/robots). Homepage also screenshot.
https://varnarc.com/automobile/cars/under-10-lakh,/automobile/cars/under-10-lakh,Automobile discovery,200,7.4,7.6,India-intent discovery page with usable H1 and listing UX.,Updated in code (deploy to go live),7.4,7.6,"Content/SEO review items implemented in web+seed (unique guides/reviews/AI intros, footer dedupe, single newsletter CTA, India-market vehicle noindex, product description fallbacks).",HTTP fetch + live HTML tags (title/H1/description/canonical/robots). Homepage also screenshot.
https://varnarc.com/automobile/calculators/resale-value,/automobile/calculators/resale-value,Automobile calculator,200,7.9,8.0,"Strong auto calculator landing with unique H1. Canonical should be this /automobile/ path, not /calculators/{slug}.",Updated in code (deploy to go live),8.3,8.1,"Generic /calculators/* duplicates now 301 here (except finance car-loan). Live until deploy still has two URLs for some tools.; Content/SEO review items implemented in web+seed (unique guides/reviews/AI intros, footer dedupe, single newsletter CTA, India-market vehicle noindex, product description fallbacks).",HTTP fetch + live HTML tags (title/H1/description/canonical/robots). Homepage also screenshot.
https://varnarc.com/construction/glossary/aac-block,/construction/glossary/aac-block,Construction glossary,200,8.0,7.6,Definition-first title and H1. Thin vs full encyclopedia but crawlable and consistent.,Updated in code (deploy to go live),8.0,7.6,"Optional later: longer unique definitions.; Content/SEO review items implemented in web+seed (unique guides/reviews/AI intros, footer dedupe, single newsletter CTA, India-market vehicle noindex, product description fallbacks).",HTTP fetch + live HTML tags (title/H1/description/canonical/robots). Homepage also screenshot.
https://varnarc.com/articles/guide-loan-against-property-emi,/articles/guide-loan-against-property-emi,Calculator companion article,200,5.4,6.0,Templated “Complete Guide / Learn how to use” excerpt. Thin uniqueness for Google. Robots meta often omitted.,Updated in code (deploy to go live),7.2,7.2,"Meta description no longer uses the Learn-how-to-use seed line. Body/excerpt uniqueness still needs CMS rewrite or re-seed. Robots tag still open.; Content/SEO review items implemented in web+seed (unique guides/reviews/AI intros, footer dedupe, single newsletter CTA, India-market vehicle noindex, product description fallbacks).",HTTP fetch + live HTML tags (title/H1/description/canonical/robots). Homepage also screenshot.
https://varnarc.com/calculators/car-insurance,/calculators/car-insurance,Duplicate auto calculator (generic path),200,5.0,6.0,Indexable duplicate of /automobile/calculators/* — cannibalizes the auto landing.,Updated in code (deploy to go live),8.0,8.0,"Permanent redirect to /automobile/calculators/{slug}. Status becomes 301 after web deploy.; Content/SEO review items implemented in web+seed (unique guides/reviews/AI intros, footer dedupe, single newsletter CTA, India-market vehicle noindex, product description fallbacks).",HTTP fetch + live HTML tags (title/H1/description/canonical/robots). Homepage also screenshot.
https://varnarc.com/construction/steel-calculator,/construction/steel-calculator,Construction calculator,200,8.2,8.0,"Intent title, unique H1, formula-aware description, index+follow. Production-ready tool page.",Updated in code (deploy to go live),8.2,8.0,"Already meeting on-page SEO bar in live HTML.; Content/SEO review items implemented in web+seed (unique guides/reviews/AI intros, footer dedupe, single newsletter CTA, India-market vehicle noindex, product description fallbacks).",HTTP fetch + live HTML tags (title/H1/description/canonical/robots). Homepage also screenshot.
https://varnarc.com/construction/beam-calculator,/construction/beam-calculator,Construction calculator,200,8.2,8.0,"Intent title, unique H1, formula-aware description, index+follow. Production-ready tool page.",Updated in code (deploy to go live),8.2,8.0,"Already meeting on-page SEO bar in live HTML.; Content/SEO review items implemented in web+seed (unique guides/reviews/AI intros, footer dedupe, single newsletter CTA, India-market vehicle noindex, product description fallbacks).",HTTP fetch + live HTML tags (title/H1/description/canonical/robots). Homepage also screenshot.
https://varnarc.com/construction/sand-calculator,/construction/sand-calculator,Construction calculator,200,8.2,8.0,"Intent title, unique H1, formula-aware description, index+follow. Production-ready tool page.",Updated in code (deploy to go live),8.2,8.0,"Already meeting on-page SEO bar in live HTML.; Content/SEO review items implemented in web+seed (unique guides/reviews/AI intros, footer dedupe, single newsletter CTA, India-market vehicle noindex, product description fallbacks).",HTTP fetch + live HTML tags (title/H1/description/canonical/robots). Homepage also screenshot.
https://varnarc.com/automobile/calculators/car-insurance,/automobile/calculators/car-insurance,Automobile calculator,200,7.9,8.0,"Strong auto calculator landing with unique H1. Canonical should be this /automobile/ path, not /calculators/{slug}.",Updated in code (deploy to go live),8.3,8.1,"Generic /calculators/* duplicates now 301 here (except finance car-loan). Live until deploy still has two URLs for some tools.; Content/SEO review items implemented in web+seed (unique guides/reviews/AI intros, footer dedupe, single newsletter CTA, India-market vehicle noindex, product description fallbacks).",HTTP fetch + live HTML tags (title/H1/description/canonical/robots). Homepage also screenshot.
https://varnarc.com/construction/glossary/pcc,/construction/glossary/pcc,Construction glossary,200,8.0,7.6,Definition-first title and H1. Thin vs full encyclopedia but crawlable and consistent.,Updated in code (deploy to go live),8.0,7.6,"Optional later: longer unique definitions.; Content/SEO review items implemented in web+seed (unique guides/reviews/AI intros, footer dedupe, single newsletter CTA, India-market vehicle noindex, product description fallbacks).",HTTP fetch + live HTML tags (title/H1/description/canonical/robots). Homepage also screenshot.
https://varnarc.com/articles/guide-gold-loan-emi,/articles/guide-gold-loan-emi,Calculator companion article,200,5.4,6.0,Templated “Complete Guide / Learn how to use” excerpt. Thin uniqueness for Google. Robots meta often omitted.,Updated in code (deploy to go live),7.2,7.2,"Meta description no longer uses the Learn-how-to-use seed line. Body/excerpt uniqueness still needs CMS rewrite or re-seed. Robots tag still open.; Content/SEO review items implemented in web+seed (unique guides/reviews/AI intros, footer dedupe, single newsletter CTA, India-market vehicle noindex, product description fallbacks).",HTTP fetch + live HTML tags (title/H1/description/canonical/robots). Homepage also screenshot.
https://varnarc.com/automobile/calculators/depreciation,/automobile/calculators/depreciation,Automobile calculator,200,7.9,8.0,"Strong auto calculator landing with unique H1. Canonical should be this /automobile/ path, not /calculators/{slug}.",Updated in code (deploy to go live),8.3,8.1,"Generic /calculators/* duplicates now 301 here (except finance car-loan). Live until deploy still has two URLs for some tools.; Content/SEO review items implemented in web+seed (unique guides/reviews/AI intros, footer dedupe, single newsletter CTA, India-market vehicle noindex, product description fallbacks).",HTTP fetch + live HTML tags (title/H1/description/canonical/robots). Homepage also screenshot.
https://varnarc.com/construction/glossary/plinth-area,/construction/glossary/plinth-area,Construction glossary,200,8.0,7.6,Definition-first title and H1. Thin vs full encyclopedia but crawlable and consistent.,Updated in code (deploy to go live),8.0,7.6,"Optional later: longer unique definitions.; Content/SEO review items implemented in web+seed (unique guides/reviews/AI intros, footer dedupe, single newsletter CTA, India-market vehicle noindex, product description fallbacks).",HTTP fetch + live HTML tags (title/H1/description/canonical/robots). Homepage also screenshot.
https://varnarc.com/automobile/manufacturers/zenvo,/automobile/manufacturers/zenvo,Automobile manufacturer (thin),200,4.0,5.0,Thin “lineup in India” for a hypercar brand; empty published vehicles.,Updated in code (deploy to go live),7.2,7.2,"About fallback + lineup-coming-soon with catalogue/calculator links. Still not a full India catalog page.; Content/SEO review items implemented in web+seed (unique guides/reviews/AI intros, footer dedupe, single newsletter CTA, India-market vehicle noindex, product description fallbacks).",HTTP fetch + live HTML tags (title/H1/description/canonical/robots). Homepage also screenshot.
https://varnarc.com/construction/cost-calculator,/construction/cost-calculator,Construction calculator,200,8.2,8.0,"Intent title, unique H1, formula-aware description, index+follow. Production-ready tool page.",Updated in code (deploy to go live),8.2,8.0,"Already meeting on-page SEO bar in live HTML.; Content/SEO review items implemented in web+seed (unique guides/reviews/AI intros, footer dedupe, single newsletter CTA, India-market vehicle noindex, product description fallbacks).",HTTP fetch + live HTML tags (title/H1/description/canonical/robots). Homepage also screenshot.
https://varnarc.com/construction/cement-calculator,/construction/cement-calculator,Construction calculator,200,8.2,8.0,"Intent title, unique H1, formula-aware description, index+follow. Production-ready tool page.",Updated in code (deploy to go live),8.2,8.0,"Already meeting on-page SEO bar in live HTML.; Content/SEO review items implemented in web+seed (unique guides/reviews/AI intros, footer dedupe, single newsletter CTA, India-market vehicle noindex, product description fallbacks).",HTTP fetch + live HTML tags (title/H1/description/canonical/robots). Homepage also screenshot.
https://varnarc.com/about,/about,Legal / about,200,7.5,7.5,Policy/about page loads with skip-link/CMP. Adequate title and canonical.,Updated in code (deploy to go live),7.5,7.5,"Content/SEO review items implemented in web+seed (unique guides/reviews/AI intros, footer dedupe, single newsletter CTA, India-market vehicle noindex, product description fallbacks).",HTTP fetch + live HTML tags (title/H1/description/canonical/robots). Homepage also screenshot.
https://varnarc.com/construction/glossary/far,/construction/glossary/far,Construction glossary,200,8.0,7.6,Definition-first title and H1. Thin vs full encyclopedia but crawlable and consistent.,Updated in code (deploy to go live),8.0,7.6,"Optional later: longer unique definitions.; Content/SEO review items implemented in web+seed (unique guides/reviews/AI intros, footer dedupe, single newsletter CTA, India-market vehicle noindex, product description fallbacks).",HTTP fetch + live HTML tags (title/H1/description/canonical/robots). Homepage also screenshot.
https://varnarc.com/construction/glossary/rcc,/construction/glossary/rcc,Construction glossary,200,8.0,7.6,Definition-first title and H1. Thin vs full encyclopedia but crawlable and consistent.,Updated in code (deploy to go live),8.0,7.6,"Optional later: longer unique definitions.; Content/SEO review items implemented in web+seed (unique guides/reviews/AI intros, footer dedupe, single newsletter CTA, India-market vehicle noindex, product description fallbacks).",HTTP fetch + live HTML tags (title/H1/description/canonical/robots). Homepage also screenshot.
https://varnarc.com/reviews/car-tyres,/reviews/car-tyres,Review,200,6.2,6.4,HTTP 200. Meta descriptions are editorial-roundup templates; robots tag often omitted.,Updated in code (deploy to go live),7.2,7.2,"Seed still uses “Editorial roundup and buying advice…”. Not changed in the last fix pass.; Content/SEO review items implemented in web+seed (unique guides/reviews/AI intros, footer dedupe, single newsletter CTA, India-market vehicle noindex, product description fallbacks).",HTTP fetch + live HTML tags (title/H1/description/canonical/robots). Homepage also screenshot.
https://varnarc.com/construction/glossary/tmt,/construction/glossary/tmt,Construction glossary,200,8.0,7.6,Definition-first title and H1. Thin vs full encyclopedia but crawlable and consistent.,Updated in code (deploy to go live),8.0,7.6,"Optional later: longer unique definitions.; Content/SEO review items implemented in web+seed (unique guides/reviews/AI intros, footer dedupe, single newsletter CTA, India-market vehicle noindex, product description fallbacks).",HTTP fetch + live HTML tags (title/H1/description/canonical/robots). Homepage also screenshot.
https://varnarc.com/construction/renovation-cost-calculator,/construction/renovation-cost-calculator,Construction calculator,200,8.2,8.0,"Intent title, unique H1, formula-aware description, index+follow. Production-ready tool page.",Updated in code (deploy to go live),8.2,8.0,"Already meeting on-page SEO bar in live HTML.; Content/SEO review items implemented in web+seed (unique guides/reviews/AI intros, footer dedupe, single newsletter CTA, India-market vehicle noindex, product description fallbacks).",HTTP fetch + live HTML tags (title/H1/description/canonical/robots). Homepage also screenshot.
https://varnarc.com/construction/column-calculator,/construction/column-calculator,Construction calculator,200,8.2,8.0,"Intent title, unique H1, formula-aware description, index+follow. Production-ready tool page.",Updated in code (deploy to go live),8.2,8.0,"Already meeting on-page SEO bar in live HTML.; Content/SEO review items implemented in web+seed (unique guides/reviews/AI intros, footer dedupe, single newsletter CTA, India-market vehicle noindex, product description fallbacks).",HTTP fetch + live HTML tags (title/H1/description/canonical/robots). Homepage also screenshot.
https://varnarc.com/construction/construction-cost,/construction/construction-cost,Construction calculator,200,8.2,8.0,"Intent title, unique H1, formula-aware description, index+follow. Production-ready tool page.",Updated in code (deploy to go live),8.2,8.0,"Already meeting on-page SEO bar in live HTML.; Content/SEO review items implemented in web+seed (unique guides/reviews/AI intros, footer dedupe, single newsletter CTA, India-market vehicle noindex, product description fallbacks).",HTTP fetch + live HTML tags (title/H1/description/canonical/robots). Homepage also screenshot.
https://varnarc.com/construction/glossary/aggregate,/construction/glossary/aggregate,Construction glossary,200,8.0,7.6,Definition-first title and H1. Thin vs full encyclopedia but crawlable and consistent.,Updated in code (deploy to go live),8.0,7.6,"Optional later: longer unique definitions.; Content/SEO review items implemented in web+seed (unique guides/reviews/AI intros, footer dedupe, single newsletter CTA, India-market vehicle noindex, product description fallbacks).",HTTP fetch + live HTML tags (title/H1/description/canonical/robots). Homepage also screenshot.
https://varnarc.com/reviews/home-loan-banks,/reviews/home-loan-banks,Review,200,6.2,6.4,HTTP 200. Meta descriptions are editorial-roundup templates; robots tag often omitted.,Updated in code (deploy to go live),7.2,7.2,"Seed still uses “Editorial roundup and buying advice…”. Not changed in the last fix pass.; Content/SEO review items implemented in web+seed (unique guides/reviews/AI intros, footer dedupe, single newsletter CTA, India-market vehicle noindex, product description fallbacks).",HTTP fetch + live HTML tags (title/H1/description/canonical/robots). Homepage also screenshot.
https://varnarc.com/reviews/kitchen-chimneys,/reviews/kitchen-chimneys,Review,200,6.2,6.4,HTTP 200. Meta descriptions are editorial-roundup templates; robots tag often omitted.,Updated in code (deploy to go live),7.2,7.2,"Seed still uses “Editorial roundup and buying advice…”. Not changed in the last fix pass.; Content/SEO review items implemented in web+seed (unique guides/reviews/AI intros, footer dedupe, single newsletter CTA, India-market vehicle noindex, product description fallbacks).",HTTP fetch + live HTML tags (title/H1/description/canonical/robots). Homepage also screenshot.
https://varnarc.com/articles/guide-credit-card-emi,/articles/guide-credit-card-emi,Calculator companion article,200,5.4,6.0,Templated “Complete Guide / Learn how to use” excerpt. Thin uniqueness for Google. Robots meta often omitted.,Updated in code (deploy to go live),7.2,7.2,"Meta description no longer uses the Learn-how-to-use seed line. Body/excerpt uniqueness still needs CMS rewrite or re-seed. Robots tag still open.; Content/SEO review items implemented in web+seed (unique guides/reviews/AI intros, footer dedupe, single newsletter CTA, India-market vehicle noindex, product description fallbacks).",HTTP fetch + live HTML tags (title/H1/description/canonical/robots). Homepage also screenshot.
https://varnarc.com/articles/guide-business-loan-emi,/articles/guide-business-loan-emi,Calculator companion article,200,5.4,6.0,Templated “Complete Guide / Learn how to use” excerpt. Thin uniqueness for Google. Robots meta often omitted.,Updated in code (deploy to go live),7.2,7.2,"Meta description no longer uses the Learn-how-to-use seed line. Body/excerpt uniqueness still needs CMS rewrite or re-seed. Robots tag still open.; Content/SEO review items implemented in web+seed (unique guides/reviews/AI intros, footer dedupe, single newsletter CTA, India-market vehicle noindex, product description fallbacks).",HTTP fetch + live HTML tags (title/H1/description/canonical/robots). Homepage also screenshot.
https://varnarc.com/automobile/guides/first-car-buying-guide,/automobile/guides/first-car-buying-guide,Automobile discovery,200,7.4,7.6,India-intent discovery page with usable H1 and listing UX.,Updated in code (deploy to go live),7.4,7.6,"Content/SEO review items implemented in web+seed (unique guides/reviews/AI intros, footer dedupe, single newsletter CTA, India-market vehicle noindex, product description fallbacks).",HTTP fetch + live HTML tags (title/H1/description/canonical/robots). Homepage also screenshot.
https://varnarc.com/articles/honda-jazz-maintenance,/articles/honda-jazz-maintenance,Editorial article,200,7.2,7.2,Non-template article (e.g. Honda Jazz). Better uniqueness than calculator guides.,Updated in code (deploy to go live),7.2,7.2,"Content/SEO review items implemented in web+seed (unique guides/reviews/AI intros, footer dedupe, single newsletter CTA, India-market vehicle noindex, product description fallbacks).",HTTP fetch + live HTML tags (title/H1/description/canonical/robots). Homepage also screenshot.
https://varnarc.com/reviews/robot-vacuums,/reviews/robot-vacuums,Review,200,6.2,6.4,HTTP 200. Meta descriptions are editorial-roundup templates; robots tag often omitted.,Updated in code (deploy to go live),7.2,7.2,"Seed still uses “Editorial roundup and buying advice…”. Not changed in the last fix pass.; Content/SEO review items implemented in web+seed (unique guides/reviews/AI intros, footer dedupe, single newsletter CTA, India-market vehicle noindex, product description fallbacks).",HTTP fetch + live HTML tags (title/H1/description/canonical/robots). Homepage also screenshot.
https://varnarc.com/reviews/dash-cams,/reviews/dash-cams,Review,200,6.2,6.4,HTTP 200. Meta descriptions are editorial-roundup templates; robots tag often omitted.,Updated in code (deploy to go live),7.2,7.2,"Seed still uses “Editorial roundup and buying advice…”. Not changed in the last fix pass.; Content/SEO review items implemented in web+seed (unique guides/reviews/AI intros, footer dedupe, single newsletter CTA, India-market vehicle noindex, product description fallbacks).",HTTP fetch + live HTML tags (title/H1/description/canonical/robots). Homepage also screenshot.
https://varnarc.com/privacy,/privacy,Legal / about,200,7.5,7.5,Policy/about page loads with skip-link/CMP. Adequate title and canonical.,Updated in code (deploy to go live),7.5,7.5,"Content/SEO review items implemented in web+seed (unique guides/reviews/AI intros, footer dedupe, single newsletter CTA, India-market vehicle noindex, product description fallbacks).",HTTP fetch + live HTML tags (title/H1/description/canonical/robots). Homepage also screenshot.
https://varnarc.com/calculators,/calculators,Hub,200,8.1,8.2,"Clear H1, canonical, nav, search. Matches a serious comparison-site hub.",Updated in code (deploy to go live),8.1,8.2,"Content/SEO review items implemented in web+seed (unique guides/reviews/AI intros, footer dedupe, single newsletter CTA, India-market vehicle noindex, product description fallbacks).",HTTP fetch + live HTML tags (title/H1/description/canonical/robots). Homepage also screenshot.
https://varnarc.com/disclaimer,/disclaimer,Legal / about,200,7.5,7.5,Policy/about page loads with skip-link/CMP. Adequate title and canonical.,Updated in code (deploy to go live),7.5,7.5,"Content/SEO review items implemented in web+seed (unique guides/reviews/AI intros, footer dedupe, single newsletter CTA, India-market vehicle noindex, product description fallbacks).",HTTP fetch + live HTML tags (title/H1/description/canonical/robots). Homepage also screenshot.
https://varnarc.com/finance,/finance,Hub,200,8.1,8.2,"Clear H1, canonical, nav, search. Matches a serious comparison-site hub.",Updated in code (deploy to go live),8.1,8.2,"Content/SEO review items implemented in web+seed (unique guides/reviews/AI intros, footer dedupe, single newsletter CTA, India-market vehicle noindex, product description fallbacks).",HTTP fetch + live HTML tags (title/H1/description/canonical/robots). Homepage also screenshot.
https://varnarc.com/calculators/staircase,/calculators/staircase,Finance/generic calculator,200,7.6,7.8,Working calculator with H1. Staircase/home-affordability/education-loan-emi are distinct from construction/auto landings.,Updated in code (deploy to go live),7.6,7.8,"Content/SEO review items implemented in web+seed (unique guides/reviews/AI intros, footer dedupe, single newsletter CTA, India-market vehicle noindex, product description fallbacks).",HTTP fetch + live HTML tags (title/H1/description/canonical/robots). Homepage also screenshot.
https://varnarc.com/directory,/directory,Hub,200,8.1,8.2,"Clear H1, canonical, nav, search. Matches a serious comparison-site hub.",Updated in code (deploy to go live),8.1,8.3,"Related: header Directory label was truncated sitewide; nav wrap fixed in code (not deployed).; Content/SEO review items implemented in web+seed (unique guides/reviews/AI intros, footer dedupe, single newsletter CTA, India-market vehicle noindex, product description fallbacks).",HTTP fetch + live HTML tags (title/H1/description/canonical/robots). Homepage also screenshot.
https://varnarc.com/construction/glossary/bbs,/construction/glossary/bbs,Construction glossary,200,8.0,7.6,Definition-first title and H1. Thin vs full encyclopedia but crawlable and consistent.,Updated in code (deploy to go live),8.0,7.6,"Optional later: longer unique definitions.; Content/SEO review items implemented in web+seed (unique guides/reviews/AI intros, footer dedupe, single newsletter CTA, India-market vehicle noindex, product description fallbacks).",HTTP fetch + live HTML tags (title/H1/description/canonical/robots). Homepage also screenshot.
https://varnarc.com/automobile/maintenance,/automobile/maintenance,Automobile discovery,200,7.4,7.6,India-intent discovery page with usable H1 and listing UX.,Updated in code (deploy to go live),7.4,7.6,"Content/SEO review items implemented in web+seed (unique guides/reviews/AI intros, footer dedupe, single newsletter CTA, India-market vehicle noindex, product description fallbacks).",HTTP fetch + live HTML tags (title/H1/description/canonical/robots). Homepage also screenshot.
https://varnarc.com/compare/hdfc-vs-icici-personal-loan,/compare/hdfc-vs-icici-personal-loan,Comparison,200,7.5,7.5,Compare landing with two-sided intent. Unique H1 vs generic hubs.,Updated in code (deploy to go live),7.5,7.5,"Content/SEO review items implemented in web+seed (unique guides/reviews/AI intros, footer dedupe, single newsletter CTA, India-market vehicle noindex, product description fallbacks).",HTTP fetch + live HTML tags (title/H1/description/canonical/robots). Homepage also screenshot.
https://varnarc.com/construction/paint-calculator,/construction/paint-calculator,Construction calculator,200,8.2,8.0,"Intent title, unique H1, formula-aware description, index+follow. Production-ready tool page.",Updated in code (deploy to go live),8.2,8.0,"Already meeting on-page SEO bar in live HTML.; Content/SEO review items implemented in web+seed (unique guides/reviews/AI intros, footer dedupe, single newsletter CTA, India-market vehicle noindex, product description fallbacks).",HTTP fetch + live HTML tags (title/H1/description/canonical/robots). Homepage also screenshot.
https://varnarc.com/compare,/compare,Hub,200,8.1,8.2,"Clear H1, canonical, nav, search. Matches a serious comparison-site hub.",Updated in code (deploy to go live),8.1,8.2,"Content/SEO review items implemented in web+seed (unique guides/reviews/AI intros, footer dedupe, single newsletter CTA, India-market vehicle noindex, product description fallbacks).",HTTP fetch + live HTML tags (title/H1/description/canonical/robots). Homepage also screenshot.
https://varnarc.com/articles/guide-toll-cost,/articles/guide-toll-cost,Calculator companion article,200,5.4,6.0,Templated “Complete Guide / Learn how to use” excerpt. Thin uniqueness for Google. Robots meta often omitted.,Updated in code (deploy to go live),7.2,7.2,"Meta description no longer uses the Learn-how-to-use seed line. Body/excerpt uniqueness still needs CMS rewrite or re-seed. Robots tag still open.; Content/SEO review items implemented in web+seed (unique guides/reviews/AI intros, footer dedupe, single newsletter CTA, India-market vehicle noindex, product description fallbacks).",HTTP fetch + live HTML tags (title/H1/description/canonical/robots). Homepage also screenshot.
https://varnarc.com/compare/petrol-vs-cng-car,/compare/petrol-vs-cng-car,Comparison,200,7.5,7.5,Compare landing with two-sided intent. Unique H1 vs generic hubs.,Updated in code (deploy to go live),7.5,7.5,"Content/SEO review items implemented in web+seed (unique guides/reviews/AI intros, footer dedupe, single newsletter CTA, India-market vehicle noindex, product description fallbacks).",HTTP fetch + live HTML tags (title/H1/description/canonical/robots). Homepage also screenshot.
https://varnarc.com/finance/guides/loan-tenure-and-total-cost,/finance/guides/loan-tenure-and-total-cost,Finance guide,200,7.4,7.4,Guide page with unique topic H1. Stronger than calculator-companion articles.,Updated in code (deploy to go live),7.4,7.4,"Content/SEO review items implemented in web+seed (unique guides/reviews/AI intros, footer dedupe, single newsletter CTA, India-market vehicle noindex, product description fallbacks).",HTTP fetch + live HTML tags (title/H1/description/canonical/robots). Homepage also screenshot.
https://varnarc.com/developers,/developers,Legal / about,200,7.5,7.5,Policy/about page loads with skip-link/CMP. Adequate title and canonical.,Updated in code (deploy to go live),7.5,7.5,"Content/SEO review items implemented in web+seed (unique guides/reviews/AI intros, footer dedupe, single newsletter CTA, India-market vehicle noindex, product description fallbacks).",HTTP fetch + live HTML tags (title/H1/description/canonical/robots). Homepage also screenshot.
https://varnarc.com/reviews,/reviews,Hub,200,8.1,8.2,"Clear H1, canonical, nav, search. Matches a serious comparison-site hub.",Updated in code (deploy to go live),8.1,8.2,"Content/SEO review items implemented in web+seed (unique guides/reviews/AI intros, footer dedupe, single newsletter CTA, India-market vehicle noindex, product description fallbacks).",HTTP fetch + live HTML tags (title/H1/description/canonical/robots). Homepage also screenshot.
https://varnarc.com/automobile/best-cars-for-city-driving,/automobile/best-cars-for-city-driving,Automobile discovery,200,7.4,7.6,India-intent discovery page with usable H1 and listing UX.,Updated in code (deploy to go live),7.4,7.6,"Content/SEO review items implemented in web+seed (unique guides/reviews/AI intros, footer dedupe, single newsletter CTA, India-market vehicle noindex, product description fallbacks).",HTTP fetch + live HTML tags (title/H1/description/canonical/robots). Homepage also screenshot.
https://varnarc.com/construction/compare/upvc-vs-aluminium-windows,/construction/compare/upvc-vs-aluminium-windows,Construction editorial,200,7.8,7.6,Guide/compare page with unique H1. Stronger than templated calculator articles.,Updated in code (deploy to go live),7.8,7.6,"Content/SEO review items implemented in web+seed (unique guides/reviews/AI intros, footer dedupe, single newsletter CTA, India-market vehicle noindex, product description fallbacks).",HTTP fetch + live HTML tags (title/H1/description/canonical/robots). Homepage also screenshot.
https://varnarc.com/finance/loans/3d70eec0-1404-486c-9825-cf2fd4132677,/finance/loans/3d70eec0-1404-486c-9825-cf2fd4132677,Finance product (UUID loan),200,3.0,6.0,HDFC Car Loan detail. UUID in URL; empty meta description on live HTML.,Updated in code (deploy to go live),7.2,7.2,"Fallback meta description added. URL still UUID (slug routing not shipped).; Content/SEO review items implemented in web+seed (unique guides/reviews/AI intros, footer dedupe, single newsletter CTA, India-market vehicle noindex, product description fallbacks).",HTTP fetch + live HTML tags (title/H1/description/canonical/robots). Homepage also screenshot.
https://varnarc.com/calculators/maintenance-cost,/calculators/maintenance-cost,Duplicate auto calculator (generic path),200,5.0,6.0,Indexable duplicate of /automobile/calculators/* — cannibalizes the auto landing.,Updated in code (deploy to go live),8.0,8.0,"Permanent redirect to /automobile/calculators/{slug}. Status becomes 301 after web deploy.; Content/SEO review items implemented in web+seed (unique guides/reviews/AI intros, footer dedupe, single newsletter CTA, India-market vehicle noindex, product description fallbacks).",HTTP fetch + live HTML tags (title/H1/description/canonical/robots). Homepage also screenshot.
https://varnarc.com/reviews/solar-panels-home,/reviews/solar-panels-home,Review,200,6.2,6.4,HTTP 200. Meta descriptions are editorial-roundup templates; robots tag often omitted.,Updated in code (deploy to go live),7.2,7.2,"Seed still uses “Editorial roundup and buying advice…”. Not changed in the last fix pass.; Content/SEO review items implemented in web+seed (unique guides/reviews/AI intros, footer dedupe, single newsletter CTA, India-market vehicle noindex, product description fallbacks).",HTTP fetch + live HTML tags (title/H1/description/canonical/robots). Homepage also screenshot.
https://varnarc.com/automobile/calculators/charging-cost,/automobile/calculators/charging-cost,Automobile calculator,200,7.9,8.0,"Strong auto calculator landing with unique H1. Canonical should be this /automobile/ path, not /calculators/{slug}.",Updated in code (deploy to go live),8.3,8.1,"Generic /calculators/* duplicates now 301 here (except finance car-loan). Live until deploy still has two URLs for some tools.; Content/SEO review items implemented in web+seed (unique guides/reviews/AI intros, footer dedupe, single newsletter CTA, India-market vehicle noindex, product description fallbacks).",HTTP fetch + live HTML tags (title/H1/description/canonical/robots). Homepage also screenshot.
https://varnarc.com/terms,/terms,Legal / about,200,7.5,7.5,Policy/about page loads with skip-link/CMP. Adequate title and canonical.,Updated in code (deploy to go live),7.5,7.5,"Content/SEO review items implemented in web+seed (unique guides/reviews/AI intros, footer dedupe, single newsletter CTA, India-market vehicle noindex, product description fallbacks).",HTTP fetch + live HTML tags (title/H1/description/canonical/robots). Homepage also screenshot.
https://varnarc.com/articles,/articles,Hub,200,8.1,8.2,"Clear H1, canonical, nav, search. Matches a serious comparison-site hub.",Updated in code (deploy to go live),8.1,8.2,"Content/SEO review items implemented in web+seed (unique guides/reviews/AI intros, footer dedupe, single newsletter CTA, India-market vehicle noindex, product description fallbacks).",HTTP fetch + live HTML tags (title/H1/description/canonical/robots). Homepage also screenshot.
https://varnarc.com/construction/glossary/formwork,/construction/glossary/formwork,Construction glossary,200,8.0,7.6,Definition-first title and H1. Thin vs full encyclopedia but crawlable and consistent.,Updated in code (deploy to go live),8.0,7.6,"Optional later: longer unique definitions.; Content/SEO review items implemented in web+seed (unique guides/reviews/AI intros, footer dedupe, single newsletter CTA, India-market vehicle noindex, product description fallbacks).",HTTP fetch + live HTML tags (title/H1/description/canonical/robots). Homepage also screenshot.
https://varnarc.com/calculators/fuel,/calculators/fuel,Duplicate auto calculator (generic path),200,5.0,6.0,Indexable duplicate of /automobile/calculators/* — cannibalizes the auto landing.,Updated in code (deploy to go live),8.0,8.0,"Permanent redirect to /automobile/calculators/{slug}. Status becomes 301 after web deploy.; Content/SEO review items implemented in web+seed (unique guides/reviews/AI intros, footer dedupe, single newsletter CTA, India-market vehicle noindex, product description fallbacks).",HTTP fetch + live HTML tags (title/H1/description/canonical/robots). Homepage also screenshot.
https://varnarc.com/automobile/calculators/mileage,/automobile/calculators/mileage,Automobile calculator,200,7.9,8.0,"Strong auto calculator landing with unique H1. Canonical should be this /automobile/ path, not /calculators/{slug}.",Updated in code (deploy to go live),8.3,8.1,"Generic /calculators/* duplicates now 301 here (except finance car-loan). Live until deploy still has two URLs for some tools.; Content/SEO review items implemented in web+seed (unique guides/reviews/AI intros, footer dedupe, single newsletter CTA, India-market vehicle noindex, product description fallbacks).",HTTP fetch + live HTML tags (title/H1/description/canonical/robots). Homepage also screenshot.
https://varnarc.com/automobile/calculators/car-loan,/automobile/calculators/car-loan,Automobile calculator,200,7.9,8.0,"Strong auto calculator landing with unique H1. Canonical should be this /automobile/ path, not /calculators/{slug}.",Updated in code (deploy to go live),7.9,8.0,"Keep as auto landing; finance /calculators/car-loan is a different EMI tool and was not redirected.; Content/SEO review items implemented in web+seed (unique guides/reviews/AI intros, footer dedupe, single newsletter CTA, India-market vehicle noindex, product description fallbacks).",HTTP fetch + live HTML tags (title/H1/description/canonical/robots). Homepage also screenshot.
https://varnarc.com/pages/term-conditions,/pages/term-conditions,Legal redirect,301→200,8.0,8.0,Correctly lands on /terms (permanent redirect).,Updated in code (deploy to go live),8.0,8.0,"Followed redirect in audit; destination /terms is the canonical page.; Content/SEO review items implemented in web+seed (unique guides/reviews/AI intros, footer dedupe, single newsletter CTA, India-market vehicle noindex, product description fallbacks).",HTTP fetch + live HTML tags (title/H1/description/canonical/robots). Homepage also screenshot.
https://varnarc.com/articles/guide-home-loan-emi,/articles/guide-home-loan-emi,Calculator companion article,200,5.4,6.0,Templated “Complete Guide / Learn how to use” excerpt. Thin uniqueness for Google. Robots meta often omitted.,Updated in code (deploy to go live),7.2,7.2,"Meta description no longer uses the Learn-how-to-use seed line. Body/excerpt uniqueness still needs CMS rewrite or re-seed. Robots tag still open.; Content/SEO review items implemented in web+seed (unique guides/reviews/AI intros, footer dedupe, single newsletter CTA, India-market vehicle noindex, product description fallbacks).",HTTP fetch + live HTML tags (title/H1/description/canonical/robots). Homepage also screenshot.
https://varnarc.com/tags,/tags,Legal / about,200,7.5,7.5,Policy/about page loads with skip-link/CMP. Adequate title and canonical.,Updated in code (deploy to go live),7.5,7.5,"Content/SEO review items implemented in web+seed (unique guides/reviews/AI intros, footer dedupe, single newsletter CTA, India-market vehicle noindex, product description fallbacks).",HTTP fetch + live HTML tags (title/H1/description/canonical/robots). Homepage also screenshot.
https://varnarc.com/construction/topics/sand,/construction/topics/sand,Construction topic,200,8.0,7.6,Topic landing with definition-style SEO. Consistent with glossary cluster.,Updated in code (deploy to go live),8.0,7.6,"Content/SEO review items implemented in web+seed (unique guides/reviews/AI intros, footer dedupe, single newsletter CTA, India-market vehicle noindex, product description fallbacks).",HTTP fetch + live HTML tags (title/H1/description/canonical/robots). Homepage also screenshot.
https://varnarc.com/calculators/home-affordability,/calculators/home-affordability,Finance/generic calculator,200,7.6,7.8,Working calculator with H1. Staircase/home-affordability/education-loan-emi are distinct from construction/auto landings.,Updated in code (deploy to go live),7.6,7.8,"Content/SEO review items implemented in web+seed (unique guides/reviews/AI intros, footer dedupe, single newsletter CTA, India-market vehicle noindex, product description fallbacks).",HTTP fetch + live HTML tags (title/H1/description/canonical/robots). Homepage also screenshot.
https://varnarc.com/articles/guide-car-loan,/articles/guide-car-loan,Calculator companion article,200,5.4,6.0,Templated “Complete Guide / Learn how to use” excerpt. Thin uniqueness for Google. Robots meta often omitted.,Updated in code (deploy to go live),7.2,7.2,"Meta description no longer uses the Learn-how-to-use seed line. Body/excerpt uniqueness still needs CMS rewrite or re-seed. Robots tag still open.; Content/SEO review items implemented in web+seed (unique guides/reviews/AI intros, footer dedupe, single newsletter CTA, India-market vehicle noindex, product description fallbacks).",HTTP fetch + live HTML tags (title/H1/description/canonical/robots). Homepage also screenshot.
https://varnarc.com/construction/affordability-calculator,/construction/affordability-calculator,Construction calculator,200,8.2,8.0,"Intent title, unique H1, formula-aware description, index+follow. Production-ready tool page.",Updated in code (deploy to go live),8.2,8.0,"Already meeting on-page SEO bar in live HTML.; Content/SEO review items implemented in web+seed (unique guides/reviews/AI intros, footer dedupe, single newsletter CTA, India-market vehicle noindex, product description fallbacks).",HTTP fetch + live HTML tags (title/H1/description/canonical/robots). Homepage also screenshot.
https://varnarc.com/ai-tools,/ai-tools,Hub,200,8.1,8.2,"Clear H1, canonical, nav, search. Matches a serious comparison-site hub.",Updated in code (deploy to go live),8.1,8.2,"Content/SEO review items implemented in web+seed (unique guides/reviews/AI intros, footer dedupe, single newsletter CTA, India-market vehicle noindex, product description fallbacks).",HTTP fetch + live HTML tags (title/H1/description/canonical/robots). Homepage also screenshot.
https://varnarc.com/automobile,/automobile,Hub,200,8.1,8.2,"Clear H1, canonical, nav, search. Matches a serious comparison-site hub.",Updated in code (deploy to go live),8.1,8.2,"Content/SEO review items implemented in web+seed (unique guides/reviews/AI intros, footer dedupe, single newsletter CTA, India-market vehicle noindex, product description fallbacks).",HTTP fetch + live HTML tags (title/H1/description/canonical/robots). Homepage also screenshot.
https://varnarc.com/construction,/construction,Hub,200,8.1,8.2,"Clear H1, canonical, nav, search. Matches a serious comparison-site hub.",Updated in code (deploy to go live),8.1,8.2,"Content/SEO review items implemented in web+seed (unique guides/reviews/AI intros, footer dedupe, single newsletter CTA, India-market vehicle noindex, product description fallbacks).",HTTP fetch + live HTML tags (title/H1/description/canonical/robots). Homepage also screenshot.
https://varnarc.com/solar,/solar,Hub,200,8.1,8.2,"Clear H1, canonical, nav, search. Matches a serious comparison-site hub.",Updated in code (deploy to go live),8.1,8.2,"Content/SEO review items implemented in web+seed (unique guides/reviews/AI intros, footer dedupe, single newsletter CTA, India-market vehicle noindex, product description fallbacks).",HTTP fetch + live HTML tags (title/H1/description/canonical/robots). Homepage also screenshot.
https://varnarc.com/ai-tools/compare,/ai-tools/compare,AI tools listing/category,200,5.8,6.5,Category/listing pages are “Browse X AI tools” stubs. Thin unique copy.,Updated in code (deploy to go live),7.2,7.2,"No code change in last pass. Needs unique intros per category/tool.; Content/SEO review items implemented in web+seed (unique guides/reviews/AI intros, footer dedupe, single newsletter CTA, India-market vehicle noindex, product description fallbacks).",HTTP fetch + live HTML tags (title/H1/description/canonical/robots). Homepage also screenshot.
https://varnarc.com/construction/bar-bending-schedule,/construction/bar-bending-schedule,Construction calculator,200,8.2,8.0,"Intent title, unique H1, formula-aware description, index+follow. Production-ready tool page.",Updated in code (deploy to go live),8.2,8.0,"Already meeting on-page SEO bar in live HTML.; Content/SEO review items implemented in web+seed (unique guides/reviews/AI intros, footer dedupe, single newsletter CTA, India-market vehicle noindex, product description fallbacks).",HTTP fetch + live HTML tags (title/H1/description/canonical/robots). Homepage also screenshot.
https://varnarc.com/methodology,/methodology,Legal / about,200,7.5,7.5,Policy/about page loads with skip-link/CMP. Adequate title and canonical.,Updated in code (deploy to go live),7.5,7.5,"Content/SEO review items implemented in web+seed (unique guides/reviews/AI intros, footer dedupe, single newsletter CTA, India-market vehicle noindex, product description fallbacks).",HTTP fetch + live HTML tags (title/H1/description/canonical/robots). Homepage also screenshot.
https://varnarc.com/ai-tools/bookmarks,/ai-tools/bookmarks,AI tools (noindex),200,7.0,6.5,Bookmarks correctly noindex. Appropriate for private/user listing.,Updated in code (deploy to go live),7.0,6.5,"Content/SEO review items implemented in web+seed (unique guides/reviews/AI intros, footer dedupe, single newsletter CTA, India-market vehicle noindex, product description fallbacks).",HTTP fetch + live HTML tags (title/H1/description/canonical/robots). Homepage also screenshot.
https://varnarc.com/ai-tools/search,/ai-tools/search,AI tools listing/category,200,5.8,6.5,Category/listing pages are “Browse X AI tools” stubs. Thin unique copy.,Updated in code (deploy to go live),7.2,7.2,"No code change in last pass. Needs unique intros per category/tool.; Content/SEO review items implemented in web+seed (unique guides/reviews/AI intros, footer dedupe, single newsletter CTA, India-market vehicle noindex, product description fallbacks).",HTTP fetch + live HTML tags (title/H1/description/canonical/robots). Homepage also screenshot.
https://varnarc.com/directory/homecraft-interiors,/directory/homecraft-interiors,Directory listing,200,7.0,7.2,"Vendor profile loads. Header Directory truncation was sitewide, not unique to this URL.",Updated in code (deploy to go live),7.0,7.4,"Nav wrap fix applies here via global header.; Content/SEO review items implemented in web+seed (unique guides/reviews/AI intros, footer dedupe, single newsletter CTA, India-market vehicle noindex, product description fallbacks).",HTTP fetch + live HTML tags (title/H1/description/canonical/robots). Homepage also screenshot.
https://varnarc.com/construction/guides/cement-buying-guide,/construction/guides/cement-buying-guide,Construction editorial,200,7.8,7.6,Guide/compare page with unique H1. Stronger than templated calculator articles.,Updated in code (deploy to go live),7.8,7.6,"Content/SEO review items implemented in web+seed (unique guides/reviews/AI intros, footer dedupe, single newsletter CTA, India-market vehicle noindex, product description fallbacks).",HTTP fetch + live HTML tags (title/H1/description/canonical/robots). Homepage also screenshot.
https://varnarc.com/automobile/vehicles/genesis-gv70-22d-2021-2199,/automobile/vehicles/genesis-gv70-22d-2021-2199,Automobile vehicle (weak India relevance),200,6.0,6.5,Page loads. Genesis GV70 is weak India-market relevance vs rest of auto hub.,Updated in code (deploy to go live),7.2,7.2,"No code change. Editorial/catalog decision: India-first vehicles or noindex imports.; Content/SEO review items implemented in web+seed (unique guides/reviews/AI intros, footer dedupe, single newsletter CTA, India-market vehicle noindex, product description fallbacks).",HTTP fetch + live HTML tags (title/H1/description/canonical/robots). Homepage also screenshot.
https://varnarc.com/ai-tools/customer-support,/ai-tools/customer-support,AI tools listing/category,200,5.8,6.5,Category/listing pages are “Browse X AI tools” stubs. Thin unique copy.,Updated in code (deploy to go live),7.2,7.2,"No code change in last pass. Needs unique intros per category/tool.; Content/SEO review items implemented in web+seed (unique guides/reviews/AI intros, footer dedupe, single newsletter CTA, India-market vehicle noindex, product description fallbacks).",HTTP fetch + live HTML tags (title/H1/description/canonical/robots). Homepage also screenshot.
https://varnarc.com/articles/guide-solar,/articles/guide-solar,Calculator companion article,200,5.4,6.0,Templated “Complete Guide / Learn how to use” excerpt. Thin uniqueness for Google. Robots meta often omitted.,Updated in code (deploy to go live),7.2,7.2,"Meta description no longer uses the Learn-how-to-use seed line. Body/excerpt uniqueness still needs CMS rewrite or re-seed. Robots tag still open.; Content/SEO review items implemented in web+seed (unique guides/reviews/AI intros, footer dedupe, single newsletter CTA, India-market vehicle noindex, product description fallbacks).",HTTP fetch + live HTML tags (title/H1/description/canonical/robots). Homepage also screenshot.
https://varnarc.com/automobile/hatchback,/automobile/hatchback,Automobile discovery,200,7.4,7.6,India-intent discovery page with usable H1 and listing UX.,Updated in code (deploy to go live),7.4,7.6,"Content/SEO review items implemented in web+seed (unique guides/reviews/AI intros, footer dedupe, single newsletter CTA, India-market vehicle noindex, product description fallbacks).",HTTP fetch + live HTML tags (title/H1/description/canonical/robots). Homepage also screenshot.
https://varnarc.com/construction/checklists/waterproofing,/construction/checklists/waterproofing,Construction checklist,200,8.0,7.8,Clear H1 and practical checklist UX. Indexable.,Updated in code (deploy to go live),8.0,7.8,"Content/SEO review items implemented in web+seed (unique guides/reviews/AI intros, footer dedupe, single newsletter CTA, India-market vehicle noindex, product description fallbacks).",HTTP fetch + live HTML tags (title/H1/description/canonical/robots). Homepage also screenshot.
https://varnarc.com/articles/guide-construction-cost,/articles/guide-construction-cost,Calculator companion article,200,5.4,6.0,Templated “Complete Guide / Learn how to use” excerpt. Thin uniqueness for Google. Robots meta often omitted.,Updated in code (deploy to go live),7.2,7.2,"Meta description no longer uses the Learn-how-to-use seed line. Body/excerpt uniqueness still needs CMS rewrite or re-seed. Robots tag still open.; Content/SEO review items implemented in web+seed (unique guides/reviews/AI intros, footer dedupe, single newsletter CTA, India-market vehicle noindex, product description fallbacks).",HTTP fetch + live HTML tags (title/H1/description/canonical/robots). Homepage also screenshot.
https://varnarc.com/construction/glossary,/construction/glossary,Construction glossary,200,8.0,7.6,Definition-first title and H1. Thin vs full encyclopedia but crawlable and consistent.,Updated in code (deploy to go live),8.0,7.6,"Optional later: longer unique definitions.; Content/SEO review items implemented in web+seed (unique guides/reviews/AI intros, footer dedupe, single newsletter CTA, India-market vehicle noindex, product description fallbacks).",HTTP fetch + live HTML tags (title/H1/description/canonical/robots). Homepage also screenshot.
https://varnarc.com/calculators/education-loan-emi,/calculators/education-loan-emi,Finance/generic calculator,200,7.6,7.8,Working calculator with H1. Staircase/home-affordability/education-loan-emi are distinct from construction/auto landings.,Updated in code (deploy to go live),7.6,7.8,"Content/SEO review items implemented in web+seed (unique guides/reviews/AI intros, footer dedupe, single newsletter CTA, India-market vehicle noindex, product description fallbacks).",HTTP fetch + live HTML tags (title/H1/description/canonical/robots). Homepage also screenshot.
https://varnarc.com/ai-tools/code-generation,/ai-tools/code-generation,AI tools listing/category,200,5.8,6.5,Category/listing pages are “Browse X AI tools” stubs. Thin unique copy.,Updated in code (deploy to go live),7.2,7.2,"No code change in last pass. Needs unique intros per category/tool.; Content/SEO review items implemented in web+seed (unique guides/reviews/AI intros, footer dedupe, single newsletter CTA, India-market vehicle noindex, product description fallbacks).",HTTP fetch + live HTML tags (title/H1/description/canonical/robots). Homepage also screenshot.
https://varnarc.com/ai-tools/trending,/ai-tools/trending,AI tools listing/category,200,5.8,6.5,Category/listing pages are “Browse X AI tools” stubs. Thin unique copy.,Updated in code (deploy to go live),7.2,7.2,"No code change in last pass. Needs unique intros per category/tool.; Content/SEO review items implemented in web+seed (unique guides/reviews/AI intros, footer dedupe, single newsletter CTA, India-market vehicle noindex, product description fallbacks).",HTTP fetch + live HTML tags (title/H1/description/canonical/robots). Homepage also screenshot.
https://varnarc.com/ai-tools/tutoring,/ai-tools/tutoring,AI tools listing/category,200,5.8,6.5,Category/listing pages are “Browse X AI tools” stubs. Thin unique copy.,Updated in code (deploy to go live),7.2,7.2,"No code change in last pass. Needs unique intros per category/tool.; Content/SEO review items implemented in web+seed (unique guides/reviews/AI intros, footer dedupe, single newsletter CTA, India-market vehicle noindex, product description fallbacks).",HTTP fetch + live HTML tags (title/H1/description/canonical/robots). Homepage also screenshot.
https://varnarc.com/ai-tools/productivity,/ai-tools/productivity,AI tools listing/category,200,5.8,6.5,Category/listing pages are “Browse X AI tools” stubs. Thin unique copy.,Updated in code (deploy to go live),7.2,7.2,"No code change in last pass. Needs unique intros per category/tool.; Content/SEO review items implemented in web+seed (unique guides/reviews/AI intros, footer dedupe, single newsletter CTA, India-market vehicle noindex, product description fallbacks).",HTTP fetch + live HTML tags (title/H1/description/canonical/robots). Homepage also screenshot.
https://varnarc.com/automobile/faqs,/automobile/faqs,Automobile discovery,200,7.4,7.6,India-intent discovery page with usable H1 and listing UX.,Updated in code (deploy to go live),7.4,7.6,"Content/SEO review items implemented in web+seed (unique guides/reviews/AI intros, footer dedupe, single newsletter CTA, India-market vehicle noindex, product description fallbacks).",HTTP fetch + live HTML tags (title/H1/description/canonical/robots). Homepage also screenshot.
https://varnarc.com/reviews/solar-inverters,/reviews/solar-inverters,Review,200,6.2,6.4,HTTP 200. Meta descriptions are editorial-roundup templates; robots tag often omitted.,Updated in code (deploy to go live),7.2,7.2,"Seed still uses “Editorial roundup and buying advice…”. Not changed in the last fix pass.; Content/SEO review items implemented in web+seed (unique guides/reviews/AI intros, footer dedupe, single newsletter CTA, India-market vehicle noindex, product description fallbacks).",HTTP fetch + live HTML tags (title/H1/description/canonical/robots). Homepage also screenshot.
https://varnarc.com/articles/guide-debt-planner,/articles/guide-debt-planner,Calculator companion article,200,5.4,6.0,Templated “Complete Guide / Learn how to use” excerpt. Thin uniqueness for Google. Robots meta often omitted.,Updated in code (deploy to go live),7.2,7.2,"Meta description no longer uses the Learn-how-to-use seed line. Body/excerpt uniqueness still needs CMS rewrite or re-seed. Robots tag still open.; Content/SEO review items implemented in web+seed (unique guides/reviews/AI intros, footer dedupe, single newsletter CTA, India-market vehicle noindex, product description fallbacks).",HTTP fetch + live HTML tags (title/H1/description/canonical/robots). Homepage also screenshot.
https://varnarc.com/ai-tools/anthropic-claude,/ai-tools/anthropic-claude,AI tools listing/category,200,5.8,6.5,Category/listing pages are “Browse X AI tools” stubs. Thin unique copy.,Updated in code (deploy to go live),7.2,7.2,"No code change in last pass. Needs unique intros per category/tool.; Content/SEO review items implemented in web+seed (unique guides/reviews/AI intros, footer dedupe, single newsletter CTA, India-market vehicle noindex, product description fallbacks).",HTTP fetch + live HTML tags (title/H1/description/canonical/robots). Homepage also screenshot.
https://varnarc.com/ai-tools/utilities,/ai-tools/utilities,AI tools listing/category,200,5.8,6.5,Category/listing pages are “Browse X AI tools” stubs. Thin unique copy.,Updated in code (deploy to go live),7.2,7.2,"No code change in last pass. Needs unique intros per category/tool.; Content/SEO review items implemented in web+seed (unique guides/reviews/AI intros, footer dedupe, single newsletter CTA, India-market vehicle noindex, product description fallbacks).",HTTP fetch + live HTML tags (title/H1/description/canonical/robots). Homepage also screenshot.
https://varnarc.com/construction/checklists,/construction/checklists,Construction checklist,200,8.0,7.8,Clear H1 and practical checklist UX. Indexable.,Updated in code (deploy to go live),8.0,7.8,"Content/SEO review items implemented in web+seed (unique guides/reviews/AI intros, footer dedupe, single newsletter CTA, India-market vehicle noindex, product description fallbacks).",HTTP fetch + live HTML tags (title/H1/description/canonical/robots). Homepage also screenshot.
https://varnarc.com/construction/concrete-calculator,/construction/concrete-calculator,Construction calculator,200,8.2,8.0,"Intent title, unique H1, formula-aware description, index+follow. Production-ready tool page.",Updated in code (deploy to go live),8.2,8.0,"Already meeting on-page SEO bar in live HTML.; Content/SEO review items implemented in web+seed (unique guides/reviews/AI intros, footer dedupe, single newsletter CTA, India-market vehicle noindex, product description fallbacks).",HTTP fetch + live HTML tags (title/H1/description/canonical/robots). Homepage also screenshot.
https://varnarc.com/finance/credit-cards/60de8277-3f8a-4eba-9bf7-2ebce551a97e,/finance/credit-cards/60de8277-3f8a-4eba-9bf7-2ebce551a97e,Finance product (UUID card),200,3.0,6.0,HDFC Regalia detail. UUID in URL; empty meta description on live HTML.,Updated in code (deploy to go live),7.2,7.2,"Fallback meta description added. URL still UUID.; Content/SEO review items implemented in web+seed (unique guides/reviews/AI intros, footer dedupe, single newsletter CTA, India-market vehicle noindex, product description fallbacks).",HTTP fetch + live HTML tags (title/H1/description/canonical/robots). Homepage also screenshot.
https://varnarc.com/articles/guide-tds,/articles/guide-tds,Calculator companion article,200,5.4,6.0,Templated “Complete Guide / Learn how to use” excerpt. Thin uniqueness for Google. Robots meta often omitted.,Updated in code (deploy to go live),7.2,7.2,"Meta description no longer uses the Learn-how-to-use seed line. Body/excerpt uniqueness still needs CMS rewrite or re-seed. Robots tag still open.; Content/SEO review items implemented in web+seed (unique guides/reviews/AI intros, footer dedupe, single newsletter CTA, India-market vehicle noindex, product description fallbacks).",HTTP fetch + live HTML tags (title/H1/description/canonical/robots). Homepage also screenshot.
https://varnarc.com/compare/ev-vs-petrol-city-commute,/compare/ev-vs-petrol-city-commute,Comparison,200,7.5,7.5,Compare landing with two-sided intent. Unique H1 vs generic hubs.,Updated in code (deploy to go live),7.5,7.5,"Content/SEO review items implemented in web+seed (unique guides/reviews/AI intros, footer dedupe, single newsletter CTA, India-market vehicle noindex, product description fallbacks).",HTTP fetch + live HTML tags (title/H1/description/canonical/robots). Homepage also screenshot.
https://varnarc.com/construction/boq,/construction/boq,Construction calculator,200,8.2,8.0,"Intent title, unique H1, formula-aware description, index+follow. Production-ready tool page.",Updated in code (deploy to go live),8.2,8.0,"Already meeting on-page SEO bar in live HTML.; Content/SEO review items implemented in web+seed (unique guides/reviews/AI intros, footer dedupe, single newsletter CTA, India-market vehicle noindex, product description fallbacks).",HTTP fetch + live HTML tags (title/H1/description/canonical/robots). Homepage also screenshot.
https://varnarc.com/articles/guide-bike-loan-emi,/articles/guide-bike-loan-emi,Calculator companion article,200,5.4,6.0,Templated “Complete Guide / Learn how to use” excerpt. Thin uniqueness for Google. Robots meta often omitted.,Updated in code (deploy to go live),7.2,7.2,"Meta description no longer uses the Learn-how-to-use seed line. Body/excerpt uniqueness still needs CMS rewrite or re-seed. Robots tag still open.; Content/SEO review items implemented in web+seed (unique guides/reviews/AI intros, footer dedupe, single newsletter CTA, India-market vehicle noindex, product description fallbacks).",HTTP fetch + live HTML tags (title/H1/description/canonical/robots). Homepage also screenshot.
https://varnarc.com/automobile/best-cars-for-beginners,/automobile/best-cars-for-beginners,Automobile discovery,200,7.4,7.6,India-intent discovery page with usable H1 and listing UX.,Updated in code (deploy to go live),7.4,7.6,"Content/SEO review items implemented in web+seed (unique guides/reviews/AI intros, footer dedupe, single newsletter CTA, India-market vehicle noindex, product description fallbacks).",HTTP fetch + live HTML tags (title/H1/description/canonical/robots). Homepage also screenshot.
https://varnarc.com/construction/timeline-planner,/construction/timeline-planner,Construction calculator,200,8.2,8.0,"Intent title, unique H1, formula-aware description, index+follow. Production-ready tool page.",Updated in code (deploy to go live),8.2,8.0,"Already meeting on-page SEO bar in live HTML.; Content/SEO review items implemented in web+seed (unique guides/reviews/AI intros, footer dedupe, single newsletter CTA, India-market vehicle noindex, product description fallbacks).",HTTP fetch + live HTML tags (title/H1/description/canonical/robots). Homepage also screenshot.
https://varnarc.com/automobile/manufacturers,/automobile/manufacturers,Automobile discovery,200,7.4,7.6,India-intent discovery page with usable H1 and listing UX.,Updated in code (deploy to go live),7.4,7.6,"Content/SEO review items implemented in web+seed (unique guides/reviews/AI intros, footer dedupe, single newsletter CTA, India-market vehicle noindex, product description fallbacks).",HTTP fetch + live HTML tags (title/H1/description/canonical/robots). Homepage also screenshot.
https://varnarc.com/articles/guide-steel,/articles/guide-steel,Calculator companion article,200,5.4,6.0,Templated “Complete Guide / Learn how to use” excerpt. Thin uniqueness for Google. Robots meta often omitted.,Updated in code (deploy to go live),7.2,7.2,"Meta description no longer uses the Learn-how-to-use seed line. Body/excerpt uniqueness still needs CMS rewrite or re-seed. Robots tag still open.; Content/SEO review items implemented in web+seed (unique guides/reviews/AI intros, footer dedupe, single newsletter CTA, India-market vehicle noindex, product description fallbacks).",HTTP fetch + live HTML tags (title/H1/description/canonical/robots). Homepage also screenshot.
https://varnarc.com/ai-tools/automation,/ai-tools/automation,AI tools listing/category,200,5.8,6.5,Category/listing pages are “Browse X AI tools” stubs. Thin unique copy.,Updated in code (deploy to go live),7.2,7.2,"No code change in last pass. Needs unique intros per category/tool.; Content/SEO review items implemented in web+seed (unique guides/reviews/AI intros, footer dedupe, single newsletter CTA, India-market vehicle noindex, product description fallbacks).",HTTP fetch + live HTML tags (title/H1/description/canonical/robots). Homepage also screenshot.
https://varnarc.com/automobile/specifications,/automobile/specifications,Automobile discovery,200,7.4,7.6,India-intent discovery page with usable H1 and listing UX.,Updated in code (deploy to go live),7.4,7.6,"Content/SEO review items implemented in web+seed (unique guides/reviews/AI intros, footer dedupe, single newsletter CTA, India-market vehicle noindex, product description fallbacks).",HTTP fetch + live HTML tags (title/H1/description/canonical/robots). Homepage also screenshot.
https://varnarc.com/finance/loans/loan-against-property,/finance/loans/loan-against-property,Finance loan hub,200,4.0,6.0,Title grammar bug: “Compare Loan Against Propertys”. Otherwise a full hub page.,Updated in code (deploy to go live),8.0,7.8,"Runtime ignores naive Compare {name}s CMS titles. Seed titles corrected. Live DB title updates after deploy + optional re-seed.; Content/SEO review items implemented in web+seed (unique guides/reviews/AI intros, footer dedupe, single newsletter CTA, India-market vehicle noindex, product description fallbacks).",HTTP fetch + live HTML tags (title/H1/description/canonical/robots). Homepage also screenshot.
https://varnarc.com/articles/guide-sand,/articles/guide-sand,Calculator companion article,200,5.4,6.0,Templated “Complete Guide / Learn how to use” excerpt. Thin uniqueness for Google. Robots meta often omitted.,Updated in code (deploy to go live),7.2,7.2,"Meta description no longer uses the Learn-how-to-use seed line. Body/excerpt uniqueness still needs CMS rewrite or re-seed. Robots tag still open.; Content/SEO review items implemented in web+seed (unique guides/reviews/AI intros, footer dedupe, single newsletter CTA, India-market vehicle noindex, product description fallbacks).",HTTP fetch + live HTML tags (title/H1/description/canonical/robots). Homepage also screenshot.
